ISO3,DataId,Indicator,Value,Precision,DHS_CountryCode,CountryName,SurveyYear,SurveyId,IndicatorId,IndicatorOrder,IndicatorType,CharacteristicId,CharacteristicOrder,CharacteristicCategory,CharacteristicLabel,ByVariableId,ByVariableLabel,IsTotal,IsPreferred,SDRID,RegionId,SurveyYearLabel,SurveyType,DenominatorWeighted,DenominatorUnweighted,CILow,CIHigh,LevelRank
#country+code,#meta+id,#indicator+name,#indicator+value+num,#indicator+precision,,#country+name,#date+year,#survey+id,#indicator+code,,,,,,,#indicator+label+code,#indicator+label,,,,,,,,,,,
BGD,312727,Total fertility rate 15-49,3.4,1,BD,Bangladesh,1994,BD1994DHS,FE_FRTR_W_TFR,11763080,I,1000,0,Total,Total,0,,1,1,FEFRTRWTFR,,1993-94,DHS,,,,,
BGD,255980,Married women currently using any method of contraception,44.9,1,BD,Bangladesh,1994,BD1994DHS,FP_CUSM_W_ANY,32633010,I,1000,0,Total,Total,0,,1,1,FPCUSMWANY,,1993-94,DHS,8840,8846,,,
BGD,255981,Married women currently using any modern method of contraception,36.6,1,BD,Bangladesh,1994,BD1994DHS,FP_CUSM_W_MOD,32633020,I,1000,0,Total,Total,0,,1,1,FPCUSMWMOD,,1993-94,DHS,8840,8846,,,
BGD,433074,Unmet need for family planning,21.6,1,BD,Bangladesh,1994,BD1994DHS,FP_NADM_W_UNT,32933030,I,1000,0,Total,Total,0,,1,1,FPNADMWUNT,,1993-94,DHS,8840,8846,,,
BGD,679828,Demand for family planning satisfied by modern methods,55,1,BD,Bangladesh,1994,BD1994DHS,FP_NADM_W_PDM,32933150,I,1000,0,Total,Total,0,,1,1,FPNADMWPDM,,1993-94,DHS,5880,5955,,,
BGD,241121,Median age at first marriage [Women]: 25-49,14.1,1,BD,Bangladesh,1994,BD1994DHS,MA_AAFM_W_M2B,41633090,I,1000,0,Total,Total,0,,1,1,MAAAFMWM2B,,1993-94,DHS,,,,,
BGD,126496,Infant mortality rate,88,0,BD,Bangladesh,1994,BD1994DHS,CM_ECMR_C_IMR,63206030,I,1000,0,Total,Total,14001,Five years preceding the survey,1,1,CMECMRCIMR,,1993-94,DHS,,,79,96,
BGD,287102,Infant mortality rate,101,0,BD,Bangladesh,1994,BD1994DHS,CM_ECMR_C_IMR,63206030,I,1000,0,Total,Total,14003,Ten years preceding the survey,1,0,CMECMRCIMR,,1993-94,DHS,,,94,107,
BGD,143573,Under-five mortality rate,134,0,BD,Bangladesh,1994,BD1994DHS,CM_ECMR_C_U5M,63206050,I,1000,0,Total,Total,14001,Five years preceding the survey,1,1,CMECMRCU5M,,1993-94,DHS,,,122,145,
BGD,115830,Under-five mortality rate,150,0,BD,Bangladesh,1994,BD1994DHS,CM_ECMR_C_U5M,63206050,I,1000,0,Total,Total,14003,Ten years preceding the survey,1,0,CMECMRCU5M,,1993-94,DHS,,,141,158,
BGD,219254,Place of delivery: Health facility,3.5,1,BD,Bangladesh,1994,BD1994DHS,RH_DELP_C_DHF,83566070,I,1000,0,Total,Total,14000,Three years preceding the survey,1,0,RHDELPCDHF,,1993-94,DHS,3917,3865,,,
BGD,423383,Place of delivery: Health facility,3.3,1,BD,Bangladesh,1994,BD1994DHS,RH_DELP_C_DHF,83566070,I,1000,0,Total,Total,14002,Two years preceding the survey,1,1,RHDELPCDHF,,1993-94,DHS,2556,2518,,,
BGD,63137,Fully vaccinated (8 basic antigens),58.9,1,BD,Bangladesh,1994,BD1994DHS,CH_VACC_C_BAS,93906230,I,1000,0,Total,Total,0,,1,1,CHVACCCBAS,,1993-94,DHS,1170,1145,,,
BGD,642244,Treatment of diarrhea: Either ORS or RHF,58.4,1,BD,Bangladesh,1994,BD1994DHS,CH_DIAT_C_ORT,94096040,I,1000,0,Total,Total,14000,Three years preceding the survey,1,0,CHDIATCORT,,1993-94,DHS,442,442,,,
BGD,234699,Median duration of exclusive breastfeeding,1.6,1,BD,Bangladesh,1994,BD1994DHS,CN_BFDR_C_MDE,104336020,I,1000,0,Total,Total,0,,1,1,CNBFDRCMDE,,1993-94,DHS,,,,,
BGD,121981,Women with secondary or higher education,15,1,BD,Bangladesh,1994,BD1994DHS,ED_EDUC_W_SEH,231203100,I,10000,10000,Total 15-49,Total 15-49,0,,1,1,EDEDUCWSEH,,1993-94,DHS,9495,9493,,,
BGD,179817,Households with electricity,17.8,1,BD,Bangladesh,1994,BD1994DHS,HC_ELEC_H_ELC,260321010,I,1000,0,Total,Total,0,,1,1,HCELECHELC,,1993-94,DHS,9174,9174,,,
BGD,312826,Total fertility rate 15-49,3.3,1,BD,Bangladesh,1997,BD1997DHS,FE_FRTR_W_TFR,11763080,I,1000,0,Total,Total,0,,1,1,FEFRTRWTFR,,1996-97,DHS,,,,,
BGD,735980,Married women currently using any method of contraception,49.8,1,BD,Bangladesh,1997,BD1997DHS,FP_CUSM_W_ANY,32633010,I,1000,0,Total,Total,0,,1,1,FPCUSMWANY,,1996-97,DHS,8307,8306,,,
BGD,735981,Married women currently using any modern method of contraception,42.1,1,BD,Bangladesh,1997,BD1997DHS,FP_CUSM_W_MOD,32633020,I,1000,0,Total,Total,0,,1,1,FPCUSMWMOD,,1996-97,DHS,8307,8306,,,
BGD,830850,Unmet need for family planning,19.7,1,BD,Bangladesh,1997,BD1997DHS,FP_NADM_W_UNT,32933030,I,1000,0,Total,Total,0,,1,1,FPNADMWUNT,,1996-97,DHS,8307,8306,,,
BGD,256574,Demand for family planning satisfied by modern methods,60.6,1,BD,Bangladesh,1997,BD1997DHS,FP_NADM_W_PDM,32933150,I,1000,0,Total,Total,0,,1,1,FPNADMWPDM,,1996-97,DHS,5773,5740,,,
BGD,241147,Median age at first marriage [Women]: 25-49,13.9,1,BD,Bangladesh,1997,BD1997DHS,MA_AAFM_W_M2B,41633090,I,1000,0,Total,Total,0,,1,1,MAAAFMWM2B,,1996-97,DHS,,,,,
BGD,157605,Infant mortality rate,82,0,BD,Bangladesh,1997,BD1997DHS,CM_ECMR_C_IMR,63206030,I,1000,0,Total,Total,14001,Five years preceding the survey,1,1,CMECMRCIMR,,1996-97,DHS,,,75,90,
BGD,109932,Infant mortality rate,90,0,BD,Bangladesh,1997,BD1997DHS,CM_ECMR_C_IMR,63206030,I,1000,0,Total,Total,14003,Ten years preceding the survey,1,0,CMECMRCIMR,,1996-97,DHS,,,84,95,
BGD,129992,Under-five mortality rate,116,0,BD,Bangladesh,1997,BD1997DHS,CM_ECMR_C_U5M,63206050,I,1000,0,Total,Total,14001,Five years preceding the survey,1,1,CMECMRCU5M,,1996-97,DHS,,,107,125,
BGD,101633,Under-five mortality rate,128,0,BD,Bangladesh,1997,BD1997DHS,CM_ECMR_C_U5M,63206050,I,1000,0,Total,Total,14003,Ten years preceding the survey,1,0,CMECMRCU5M,,1996-97,DHS,,,120,135,
BGD,719159,Place of delivery: Health facility,4.7,1,BD,Bangladesh,1997,BD1997DHS,RH_DELP_C_DHF,83566070,I,1000,0,Total,Total,14000,Three years preceding the survey,1,0,RHDELPCDHF,,1996-97,DHS,3645,3615,,,
BGD,219412,Place of delivery: Health facility,4.1,1,BD,Bangladesh,1997,BD1997DHS,RH_DELP_C_DHF,83566070,I,1000,0,Total,Total,14001,Five years preceding the survey,1,0,RHDELPCDHF,,1996-97,DHS,6210,6167,,,
BGD,606418,Place of delivery: Health facility,4.9,1,BD,Bangladesh,1997,BD1997DHS,RH_DELP_C_DHF,83566070,I,1000,0,Total,Total,14002,Two years preceding the survey,1,1,RHDELPCDHF,,1996-97,DHS,2405,2392,,,
BGD,769441,Fully vaccinated (8 basic antigens),54.2,1,BD,Bangladesh,1997,BD1997DHS,CH_VACC_C_BAS,93906230,I,1000,0,Total,Total,0,,1,1,CHVACCCBAS,,1996-97,DHS,1080,1077,,,
BGD,341614,Treatment of diarrhea: Either ORS or RHF,62.2,1,BD,Bangladesh,1997,BD1997DHS,CH_DIAT_C_ORT,94096040,I,1000,0,Total,Total,14000,Three years preceding the survey,1,0,CHDIATCORT,,1996-97,DHS,312,293,,,
BGD,38475,Treatment of diarrhea: Either ORS or RHF,60.9,1,BD,Bangladesh,1997,BD1997DHS,CH_DIAT_C_ORT,94096040,I,1000,0,Total,Total,14001,Five years preceding the survey,1,1,CHDIATCORT,,1996-97,DHS,427,406,,,
BGD,808593,Children stunted,60.1,1,BD,Bangladesh,1997,BD1997DHS,CN_NUTS_C_HA2,104236020,I,1000,0,Total,Total,0,,1,1,CNNUTSCHA2,,1996-97,DHS,4748,4692,,,
BGD,178714,Children wasted,20.6,1,BD,Bangladesh,1997,BD1997DHS,CN_NUTS_C_WH2,104236050,I,1000,0,Total,Total,0,,1,1,CNNUTSCWH2,,1996-97,DHS,4748,4692,,,
BGD,742208,Children underweight,52.2,1,BD,Bangladesh,1997,BD1997DHS,CN_NUTS_C_WA2,104236090,I,1000,0,Total,Total,0,,1,1,CNNUTSCWA2,,1996-97,DHS,4748,4692,,,
BGD,234827,Median duration of exclusive breastfeeding,1.5,1,BD,Bangladesh,1997,BD1997DHS,CN_BFDR_C_MDE,104336020,I,1000,0,Total,Total,0,,1,1,CNBFDRCMDE,,1996-97,DHS,,,,,
BGD,68699,Women with secondary or higher education,18.2,1,BD,Bangladesh,1997,BD1997DHS,ED_EDUC_W_SEH,231203100,I,10000,10000,Total 15-49,Total 15-49,0,,1,1,EDEDUCWSEH,,1996-97,DHS,8982,8981,,,
BGD,488787,Households with electricity,22.4,1,BD,Bangladesh,1997,BD1997DHS,HC_ELEC_H_ELC,260321010,I,1000,0,Total,Total,0,,1,1,HCELECHELC,,1996-97,DHS,8682,8682,,,
BGD,313221,Total fertility rate 15-49,3.3,1,BD,Bangladesh,2000,BD2000DHS,FE_FRTR_W_TFR,11763080,I,1000,0,Total,Total,0,,1,1,FEFRTRWTFR,,1999-00,DHS,,,,,
BGD,610692,Married women currently using any method of contraception,54.3,1,BD,Bangladesh,2000,BD2000DHS,FP_CUSM_W_ANY,32633010,I,1000,0,Total,Total,0,,1,1,FPCUSMWANY,,1999-00,DHS,9540,9530,,,
BGD,610693,Married women currently using any modern method of contraception,44,1,BD,Bangladesh,2000,BD2000DHS,FP_CUSM_W_MOD,32633020,I,1000,0,Total,Total,0,,1,1,FPCUSMWMOD,,1999-00,DHS,9540,9530,,,
BGD,708565,Unmet need for family planning,18.2,1,BD,Bangladesh,2000,BD2000DHS,FP_NADM_W_UNT,32933030,I,1000,0,Total,Total,0,,1,1,FPNADMWUNT,,1999-00,DHS,9540,9530,,,
BGD,194276,Demand for family planning satisfied by modern methods,60.6,1,BD,Bangladesh,2000,BD2000DHS,FP_NADM_W_PDM,32933150,I,1000,0,Total,Total,0,,1,1,FPNADMWPDM,,1999-00,DHS,6919,6935,,,
BGD,241201,Median age at first marriage [Women]: 25-49,14.7,1,BD,Bangladesh,2000,BD2000DHS,MA_AAFM_W_M2B,41633090,I,1000,0,Total,Total,0,,1,1,MAAAFMWM2B,,1999-00,DHS,,,,,
BGD,147938,Infant mortality rate,66,0,BD,Bangladesh,2000,BD2000DHS,CM_ECMR_C_IMR,63206030,I,1000,0,Total,Total,14001,Five years preceding the survey,1,1,CMECMRCIMR,,1999-00,DHS,,,59,73,
BGD,130063,Infant mortality rate,80,0,BD,Bangladesh,2000,BD2000DHS,CM_ECMR_C_IMR,63206030,I,1000,0,Total,Total,14003,Ten years preceding the survey,1,0,CMECMRCIMR,,1999-00,DHS,,,74,85,
BGD,287400,Under-five mortality rate,94,0,BD,Bangladesh,2000,BD2000DHS,CM_ECMR_C_U5M,63206050,I,1000,0,Total,Total,14001,Five years preceding the survey,1,1,CMECMRCU5M,,1999-00,DHS,,,86,102,
BGD,287395,Under-five mortality rate,110,0,BD,Bangladesh,2000,BD2000DHS,CM_ECMR_C_U5M,63206050,I,1000,0,Total,Total,14003,Ten years preceding the survey,1,0,CMECMRCU5M,,1999-00,DHS,,,103,117,
BGD,603592,Place of delivery: Health facility,8.7,1,BD,Bangladesh,2000,BD2000DHS,RH_DELP_C_DHF,83566070,I,1000,0,Total,Total,14000,Three years preceding the survey,1,0,RHDELPCDHF,,1999-00,DHS,4194,4134,,,
BGD,530618,Place of delivery: Health facility,7.9,1,BD,Bangladesh,2000,BD2000DHS,RH_DELP_C_DHF,83566070,I,1000,0,Total,Total,14001,Five years preceding the survey,1,0,RHDELPCDHF,,1999-00,DHS,6918,6813,,,
BGD,749806,Place of delivery: Health facility,9.6,1,BD,Bangladesh,2000,BD2000DHS,RH_DELP_C_DHF,83566070,I,1000,0,Total,Total,14002,Two years preceding the survey,1,1,RHDELPCDHF,,1999-00,DHS,2766,2728,,,
BGD,786870,Fully vaccinated (8 basic antigens),60.4,1,BD,Bangladesh,2000,BD2000DHS,CH_VACC_C_BAS,93906230,I,1000,0,Total,Total,0,,1,1,CHVACCCBAS,,1999-00,DHS,1315,1301,,,
BGD,91708,Treatment of diarrhea: Either ORS or RHF,72.4,1,BD,Bangladesh,2000,BD2000DHS,CH_DIAT_C_ORT,94096040,I,1000,0,Total,Total,14000,Three years preceding the survey,1,0,CHDIATCORT,,1999-00,DHS,318,313,,,
BGD,623594,Treatment of diarrhea: Either ORS or RHF,73.5,1,BD,Bangladesh,2000,BD2000DHS,CH_DIAT_C_ORT,94096040,I,1000,0,Total,Total,14001,Five years preceding the survey,1,1,CHDIATCORT,,1999-00,DHS,393,393,,,
BGD,497190,Children stunted,51.1,1,BD,Bangladesh,2000,BD2000DHS,CN_NUTS_C_HA2,104236020,I,1000,0,Total,Total,0,,1,1,CNNUTSCHA2,,1999-00,DHS,5421,5337,,,
BGD,744968,Children wasted,12.3,1,BD,Bangladesh,2000,BD2000DHS,CN_NUTS_C_WH2,104236050,I,1000,0,Total,Total,0,,1,1,CNNUTSCWH2,,1999-00,DHS,5421,5337,,,
BGD,38917,Children underweight,41.7,1,BD,Bangladesh,2000,BD2000DHS,CN_NUTS_C_WA2,104236090,I,1000,0,Total,Total,0,,1,1,CNNUTSCWA2,,1999-00,DHS,5421,5337,,,
BGD,234844,Median duration of exclusive breastfeeding,1.9,1,BD,Bangladesh,2000,BD2000DHS,CN_BFDR_C_MDE,104336020,I,1000,0,Total,Total,0,,1,1,CNBFDRCMDE,,1999-00,DHS,,,,,
BGD,21967,Women with secondary or higher education,25.6,1,BD,Bangladesh,2000,BD2000DHS,ED_EDUC_W_SEH,231203100,I,10000,10000,Total 15-49,Total 15-49,0,,1,1,EDEDUCWSEH,,1999-00,DHS,10358,10373,,,
BGD,496000,Households with electricity,32,1,BD,Bangladesh,2000,BD2000DHS,HC_ELEC_H_ELC,260321010,I,1000,0,Total,Total,0,,1,1,HCELECHELC,,1999-00,DHS,9854,9854,,,
BGD,313261,Total fertility rate 15-49,3,1,BD,Bangladesh,2004,BD2004DHS,FE_FRTR_W_TFR,11763080,I,1000,0,Total,Total,0,,1,1,FEFRTRWTFR,,2004,DHS,,,,,
BGD,801395,Married women currently using any method of contraception,58.5,1,BD,Bangladesh,2004,BD2004DHS,FP_CUSM_W_ANY,32633010,I,1000,0,Total,Total,0,,1,1,FPCUSMWANY,,2004,DHS,10436,10417,,,
BGD,801396,Married women currently using any modern method of contraception,47.6,1,BD,Bangladesh,2004,BD2004DHS,FP_CUSM_W_MOD,32633020,I,1000,0,Total,Total,0,,1,1,FPCUSMWMOD,,2004,DHS,10436,10417,,,
BGD,824560,Unmet need for family planning,15,1,BD,Bangladesh,2004,BD2004DHS,FP_NADM_W_UNT,32933030,I,1000,0,Total,Total,0,,1,1,FPNADMWUNT,,2004,DHS,10436,10417,,,
BGD,256741,Demand for family planning satisfied by modern methods,64.8,1,BD,Bangladesh,2004,BD2004DHS,FP_NADM_W_PDM,32933150,I,1000,0,Total,Total,0,,1,1,FPNADMWPDM,,2004,DHS,7671,7642,,,
BGD,241221,Median age at first marriage [Women]: 25-49,14.5,1,BD,Bangladesh,2004,BD2004DHS,MA_AAFM_W_M2B,41633090,I,1000,0,Total,Total,0,,1,1,MAAAFMWM2B,,2004,DHS,,,,,
BGD,159740,Infant mortality rate,65,0,BD,Bangladesh,2004,BD2004DHS,CM_ECMR_C_IMR,63206030,I,1000,0,Total,Total,14001,Five years preceding the survey,1,1,CMECMRCIMR,,2004,DHS,,,58,72,
BGD,287536,Infant mortality rate,72,0,BD,Bangladesh,2004,BD2004DHS,CM_ECMR_C_IMR,63206030,I,1000,0,Total,Total,14003,Ten years preceding the survey,1,0,CMECMRCIMR,,2004,DHS,,,67,78,
BGD,151462,Under-five mortality rate,88,0,BD,Bangladesh,2004,BD2004DHS,CM_ECMR_C_U5M,63206050,I,1000,0,Total,Total,14001,Five years preceding the survey,1,1,CMECMRCU5M,,2004,DHS,,,79,96,
BGD,287541,Under-five mortality rate,97,0,BD,Bangladesh,2004,BD2004DHS,CM_ECMR_C_U5M,63206050,I,1000,0,Total,Total,14003,Ten years preceding the survey,1,0,CMECMRCU5M,,2004,DHS,,,90,103,
BGD,219653,Place of delivery: Health facility,11.7,1,BD,Bangladesh,2004,BD2004DHS,RH_DELP_C_DHF,83566070,I,1000,0,Total,Total,14000,Three years preceding the survey,1,0,RHDELPCDHF,,2004,DHS,4119,4095,,,
BGD,421159,Place of delivery: Health facility,9.9,1,BD,Bangladesh,2004,BD2004DHS,RH_DELP_C_DHF,83566070,I,1000,0,Total,Total,14001,Five years preceding the survey,1,0,RHDELPCDHF,,2004,DHS,6995,6900,,,
BGD,812909,Place of delivery: Health facility,12.2,1,BD,Bangladesh,2004,BD2004DHS,RH_DELP_C_DHF,83566070,I,1000,0,Total,Total,14002,Two years preceding the survey,1,1,RHDELPCDHF,,2004,DHS,2693,2664,,,
BGD,340682,Fully vaccinated (8 basic antigens),73.1,1,BD,Bangladesh,2004,BD2004DHS,CH_VACC_C_BAS,93906230,I,1000,0,Total,Total,0,,1,1,CHVACCCBAS,,2004,DHS,1265,1247,,,
BGD,540187,Treatment of diarrhea: Either ORS or RHF,74.8,1,BD,Bangladesh,2004,BD2004DHS,CH_DIAT_C_ORT,94096040,I,1000,0,Total,Total,14000,Three years preceding the survey,1,0,CHDIATCORT,,2004,DHS,356,356,,,
BGD,340808,Treatment of diarrhea: Either ORS or RHF,74.6,1,BD,Bangladesh,2004,BD2004DHS,CH_DIAT_C_ORT,94096040,I,1000,0,Total,Total,14001,Five years preceding the survey,1,1,CHDIATCORT,,2004,DHS,485,484,,,
BGD,52190,Children stunted,50.6,1,BD,Bangladesh,2004,BD2004DHS,CN_NUTS_C_HA2,104236020,I,1000,0,Total,Total,0,,1,1,CNNUTSCHA2,,2004,DHS,6028,6037,,,
BGD,596417,Children wasted,14.5,1,BD,Bangladesh,2004,BD2004DHS,CN_NUTS_C_WH2,104236050,I,1000,0,Total,Total,0,,1,1,CNNUTSCWH2,,2004,DHS,6028,6037,,,
BGD,206789,Children underweight,42.5,1,BD,Bangladesh,2004,BD2004DHS,CN_NUTS_C_WA2,104236090,I,1000,0,Total,Total,0,,1,1,CNNUTSCWA2,,2004,DHS,6028,6037,,,
BGD,206818,Median duration of exclusive breastfeeding,1,1,BD,Bangladesh,2004,BD2004DHS,CN_BFDR_C_MDE,104336020,I,1000,0,Total,Total,0,,1,1,CNBFDRCMDE,,2004,DHS,,,,,
BGD,646097,Women with secondary or higher education,29.2,1,BD,Bangladesh,2004,BD2004DHS,ED_EDUC_W_SEH,231203100,I,10000,10000,Total 15-49,Total 15-49,0,,1,1,EDEDUCWSEH,,2004,DHS,11290,11300,,,
BGD,509233,Households with electricity,40.6,1,BD,Bangladesh,2004,BD2004DHS,HC_ELEC_H_ELC,260321010,I,1000,0,Total,Total,0,,1,1,HCELECHELC,,2004,DHS,10500,10500,,,
BGD,313471,Total fertility rate 15-49,2.7,1,BD,Bangladesh,2007,BD2007DHS,FE_FRTR_W_TFR,11763080,I,1000,0,Total,Total,0,,1,1,FEFRTRWTFR,,2007,DHS,,,,,
BGD,809020,Married women currently using any method of contraception,55.8,1,BD,Bangladesh,2007,BD2007DHS,FP_CUSM_W_ANY,32633010,I,1000,0,Total,Total,0,,1,1,FPCUSMWANY,,2007,DHS,10192,10146,,,
BGD,809036,Married women currently using any modern method of contraception,47.5,1,BD,Bangladesh,2007,BD2007DHS,FP_CUSM_W_MOD,32633020,I,1000,0,Total,Total,0,,1,1,FPCUSMWMOD,,2007,DHS,10192,10146,,,
BGD,255881,Unmet need for family planning,16.8,1,BD,Bangladesh,2007,BD2007DHS,FP_NADM_W_UNT,32933030,I,1000,0,Total,Total,0,,1,1,FPNADMWUNT,,2007,DHS,10192,10146,,,
BGD,792689,Demand for family planning satisfied by modern methods,65.4,1,BD,Bangladesh,2007,BD2007DHS,FP_NADM_W_PDM,32933150,I,1000,0,Total,Total,0,,1,1,FPNADMWPDM,,2007,DHS,7397,7317,,,
BGD,241257,Median age at first marriage [Women]: 25-49,15,1,BD,Bangladesh,2007,BD2007DHS,MA_AAFM_W_M2B,41633090,I,1000,0,Total,Total,0,,1,1,MAAAFMWM2B,,2007,DHS,,,,,
BGD,154374,Infant mortality rate,52,0,BD,Bangladesh,2007,BD2007DHS,CM_ECMR_C_IMR,63206030,I,1000,0,Total,Total,14001,Five years preceding the survey,1,1,CMECMRCIMR,,2007,DHS,,,44,59,
BGD,133537,Infant mortality rate,57,0,BD,Bangladesh,2007,BD2007DHS,CM_ECMR_C_IMR,63206030,I,1000,0,Total,Total,14003,Ten years preceding the survey,1,0,CMECMRCIMR,,2007,DHS,,,51,63,
BGD,158357,Under-five mortality rate,65,0,BD,Bangladesh,2007,BD2007DHS,CM_ECMR_C_U5M,63206050,I,1000,0,Total,Total,14001,Five years preceding the survey,1,1,CMECMRCU5M,,2007,DHS,,,56,74,
BGD,146098,Under-five mortality rate,74,0,BD,Bangladesh,2007,BD2007DHS,CM_ECMR_C_U5M,63206050,I,1000,0,Total,Total,14003,Ten years preceding the survey,1,0,CMECMRCU5M,,2007,DHS,,,67,81,
BGD,69488,Place of delivery: Health facility,17.2,1,BD,Bangladesh,2007,BD2007DHS,RH_DELP_C_DHF,83566070,I,1000,0,Total,Total,14000,Three years preceding the survey,1,0,RHDELPCDHF,,2007,DHS,3589,3643,,,
BGD,720379,Place of delivery: Health facility,14.6,1,BD,Bangladesh,2007,BD2007DHS,RH_DELP_C_DHF,83566070,I,1000,0,Total,Total,14001,Five years preceding the survey,1,0,RHDELPCDHF,,2007,DHS,6058,6150,,,
BGD,560338,Place of delivery: Health facility,18.9,1,BD,Bangladesh,2007,BD2007DHS,RH_DELP_C_DHF,83566070,I,1000,0,Total,Total,14002,Two years preceding the survey,1,1,RHDELPCDHF,,2007,DHS,2347,2371,,,
BGD,417521,Fully vaccinated (8 basic antigens),81.9,1,BD,Bangladesh,2007,BD2007DHS,CH_VACC_C_BAS,93906230,I,1000,0,Total,Total,0,,1,1,CHVACCCBAS,,2007,DHS,1146,1161,,,
BGD,586754,Treatment of diarrhea: Either ORS or RHF,81.7,1,BD,Bangladesh,2007,BD2007DHS,CH_DIAT_C_ORT,94096040,I,1000,0,Total,Total,14000,Three years preceding the survey,1,0,CHDIATCORT,,2007,DHS,391,393,,,
BGD,340908,Treatment of diarrhea: Either ORS or RHF,81.2,1,BD,Bangladesh,2007,BD2007DHS,CH_DIAT_C_ORT,94096040,I,1000,0,Total,Total,14001,Five years preceding the survey,1,1,CHDIATCORT,,2007,DHS,559,560,,,
BGD,60293,Children stunted,43.2,1,BD,Bangladesh,2007,BD2007DHS,CN_NUTS_C_HA2,104236020,I,1000,0,Total,Total,0,,1,1,CNNUTSCHA2,,2007,DHS,5312,5423,,,
BGD,206825,Children wasted,17.4,1,BD,Bangladesh,2007,BD2007DHS,CN_NUTS_C_WH2,104236050,I,1000,0,Total,Total,0,,1,1,CNNUTSCWH2,,2007,DHS,5312,5423,,,
BGD,206830,Children underweight,41,1,BD,Bangladesh,2007,BD2007DHS,CN_NUTS_C_WA2,104236090,I,1000,0,Total,Total,0,,1,1,CNNUTSCWA2,,2007,DHS,5312,5423,,,
BGD,206859,Median duration of exclusive breastfeeding,2.3,1,BD,Bangladesh,2007,BD2007DHS,CN_BFDR_C_MDE,104336020,I,1000,0,Total,Total,0,,1,1,CNBFDRCMDE,,2007,DHS,,,,,
BGD,98197,Physical or sexual violence committed by husband/partner,53.3,1,BD,Bangladesh,2007,BD2007DHS,DV_SPVL_W_POS,197433060,I,10000,10000,Total 15-49,Total 15-49,631001,Ever-married,1,0,DVSPVLWPOS,,2007,DHS,4467,4467,,,
BGD,389507,Women with secondary or higher education,36.2,1,BD,Bangladesh,2007,BD2007DHS,ED_EDUC_W_SEH,231203100,I,10000,10000,Total 15-49,Total 15-49,0,,1,1,EDEDUCWSEH,,2007,DHS,10996,10996,,,
BGD,507513,Women who are literate,54.5,1,BD,Bangladesh,2007,BD2007DHS,ED_LITR_W_LIT,231233090,I,10000,10000,Total 15-49,Total 15-49,0,,1,1,EDLITRWLIT,,2007,DHS,10996,10996,,,
BGD,430348,Households with electricity,46.5,1,BD,Bangladesh,2007,BD2007DHS,HC_ELEC_H_ELC,260321010,I,1000,0,Total,Total,0,,1,1,HCELECHELC,,2007,DHS,10400,10400,,,
BGD,313529,Total fertility rate 15-49,2.3,1,BD,Bangladesh,2011,BD2011DHS,FE_FRTR_W_TFR,11763080,I,1000,0,Total,Total,0,,1,1,FEFRTRWTFR,,2011,DHS,,,,,
BGD,255921,Married women currently using any method of contraception,61.2,1,BD,Bangladesh,2011,BD2011DHS,FP_CUSM_W_ANY,32633010,I,1000,0,Total,Total,0,,1,1,FPCUSMWANY,,2011,DHS,16635,16616,,,
BGD,255922,Married women currently using any modern method of contraception,52.1,1,BD,Bangladesh,2011,BD2011DHS,FP_CUSM_W_MOD,32633020,I,1000,0,Total,Total,0,,1,1,FPCUSMWMOD,,2011,DHS,16635,16616,,,
BGD,588162,Unmet need for family planning,13.5,1,BD,Bangladesh,2011,BD2011DHS,FP_NADM_W_UNT,32933030,I,1000,0,Total,Total,0,,1,1,FPNADMWUNT,,2011,DHS,16635,16616,,,
BGD,255995,Demand for family planning satisfied by modern methods,69.7,1,BD,Bangladesh,2011,BD2011DHS,FP_NADM_W_PDM,32933150,I,1000,0,Total,Total,0,,1,1,FPNADMWPDM,,2011,DHS,12424,12399,,,
BGD,241353,Median age at first marriage [Women]: 25-49,15.5,1,BD,Bangladesh,2011,BD2011DHS,MA_AAFM_W_M2B,41633090,I,1000,0,Total,Total,0,,1,1,MAAAFMWM2B,,2011,DHS,,,,,
BGD,241419,Median age at first sexual intercourse [Women]: 25-49,15.6,1,BD,Bangladesh,2011,BD2011DHS,SX_AAFS_W_M2B,51703090,I,1000,0,Total,Total,0,,1,1,SXAAFSWM2B,,2011,DHS,,,,,
BGD,103732,Infant mortality rate,43,0,BD,Bangladesh,2011,BD2011DHS,CM_ECMR_C_IMR,63206030,I,1000,0,Total,Total,14001,Five years preceding the survey,1,1,CMECMRCIMR,,2011,DHS,,,38,47,
BGD,112853,Infant mortality rate,50,0,BD,Bangladesh,2011,BD2011DHS,CM_ECMR_C_IMR,63206030,I,1000,0,Total,Total,14003,Ten years preceding the survey,1,0,CMECMRCIMR,,2011,DHS,,,46,54,
BGD,130010,Under-five mortality rate,53,0,BD,Bangladesh,2011,BD2011DHS,CM_ECMR_C_U5M,63206050,I,1000,0,Total,Total,14001,Five years preceding the survey,1,1,CMECMRCU5M,,2011,DHS,,,48,59,
BGD,152793,Under-five mortality rate,64,0,BD,Bangladesh,2011,BD2011DHS,CM_ECMR_C_U5M,63206050,I,1000,0,Total,Total,14003,Ten years preceding the survey,1,0,CMECMRCU5M,,2011,DHS,,,59,68,
BGD,578355,Place of delivery: Health facility,28.8,1,BD,Bangladesh,2011,BD2011DHS,RH_DELP_C_DHF,83566070,I,1000,0,Total,Total,14000,Three years preceding the survey,1,0,RHDELPCDHF,,2011,DHS,4956,4964,,,
BGD,767566,Place of delivery: Health facility,24.9,1,BD,Bangladesh,2011,BD2011DHS,RH_DELP_C_DHF,83566070,I,1000,0,Total,Total,14001,Five years preceding the survey,1,0,RHDELPCDHF,,2011,DHS,8789,8742,,,
BGD,652984,Place of delivery: Health facility,30.7,1,BD,Bangladesh,2011,BD2011DHS,RH_DELP_C_DHF,83566070,I,1000,0,Total,Total,14002,Two years preceding the survey,1,1,RHDELPCDHF,,2011,DHS,3344,3332,,,
BGD,637727,Fully vaccinated (8 basic antigens),86,1,BD,Bangladesh,2011,BD2011DHS,CH_VACC_C_BAS,93906230,I,1000,0,Total,Total,0,,1,1,CHVACCCBAS,,2011,DHS,1547,1546,,,
BGD,798390,Treatment of diarrhea: Either ORS or RHF,77.5,1,BD,Bangladesh,2011,BD2011DHS,CH_DIAT_C_ORT,94096040,I,1000,0,Total,Total,14000,Three years preceding the survey,1,0,CHDIATCORT,,2011,DHS,271,278,,,
BGD,33577,Treatment of diarrhea: Either ORS or RHF,80.6,1,BD,Bangladesh,2011,BD2011DHS,CH_DIAT_C_ORT,94096040,I,1000,0,Total,Total,14001,Five years preceding the survey,1,1,CHDIATCORT,,2011,DHS,388,395,,,
BGD,536537,Children stunted,41.3,1,BD,Bangladesh,2011,BD2011DHS,CN_NUTS_C_HA2,104236020,I,1000,0,Total,Total,0,,1,1,CNNUTSCHA2,,2011,DHS,7861,7826,,,
BGD,570460,Children wasted,15.6,1,BD,Bangladesh,2011,BD2011DHS,CN_NUTS_C_WH2,104236050,I,1000,0,Total,Total,0,,1,1,CNNUTSCWH2,,2011,DHS,7861,7826,,,
BGD,711101,Children underweight,36.4,1,BD,Bangladesh,2011,BD2011DHS,CN_NUTS_C_WA2,104236090,I,1000,0,Total,Total,0,,1,1,CNNUTSCWA2,,2011,DHS,7861,7826,,,
BGD,206995,Median duration of exclusive breastfeeding,3.4,1,BD,Bangladesh,2011,BD2011DHS,CN_BFDR_C_MDE,104336020,I,1000,0,Total,Total,0,,1,1,CNBFDRCMDE,,2011,DHS,,,,,
BGD,63979,Women with secondary or higher education,42.3,1,BD,Bangladesh,2011,BD2011DHS,ED_EDUC_W_SEH,231203100,I,10000,10000,Total 15-49,Total 15-49,0,,1,1,EDEDUCWSEH,,2011,DHS,17749,17842,,,
BGD,417999,Women who are literate,62.9,1,BD,Bangladesh,2011,BD2011DHS,ED_LITR_W_LIT,231233090,I,10000,10000,Total 15-49,Total 15-49,0,,1,1,EDLITRWLIT,,2011,DHS,17749,17842,,,
BGD,600560,Households with electricity,59.6,1,BD,Bangladesh,2011,BD2011DHS,HC_ELEC_H_ELC,260321010,I,1000,0,Total,Total,0,,1,1,HCELECHELC,,2011,DHS,17141,17141,,,
BGD,313763,Total fertility rate 15-49,2.3,1,BD,Bangladesh,2014,BD2014DHS,FE_FRTR_W_TFR,11763080,I,1000,0,Total,Total,0,,1,1,FEFRTRWTFR,,2014,DHS,,,,,
BGD,693156,Married women currently using any method of contraception,62.4,1,BD,Bangladesh,2014,BD2014DHS,FP_CUSM_W_ANY,32633010,I,1000,0,Total,Total,0,,1,1,FPCUSMWANY,,2014,DHS,16858,16830,,,
BGD,693157,Married women currently using any modern method of contraception,54.1,1,BD,Bangladesh,2014,BD2014DHS,FP_CUSM_W_MOD,32633020,I,1000,0,Total,Total,0,,1,1,FPCUSMWMOD,,2014,DHS,16858,16830,,,
BGD,734673,Unmet need for family planning,12,1,BD,Bangladesh,2014,BD2014DHS,FP_NADM_W_UNT,32933030,I,1000,0,Total,Total,0,,1,1,FPNADMWUNT,,2014,DHS,16858,16830,,,
BGD,428701,Demand for family planning satisfied by modern methods,72.6,1,BD,Bangladesh,2014,BD2014DHS,FP_NADM_W_PDM,32933150,I,1000,0,Total,Total,0,,1,1,FPNADMWPDM,,2014,DHS,12552,12448,,,
BGD,241511,Median age at first marriage [Women]: 25-49,15.8,1,BD,Bangladesh,2014,BD2014DHS,MA_AAFM_W_M2B,41633090,I,1000,0,Total,Total,0,,1,1,MAAAFMWM2B,,2014,DHS,,,,,
BGD,241585,Median age at first sexual intercourse [Women]: 25-49,15.9,1,BD,Bangladesh,2014,BD2014DHS,SX_AAFS_W_M2B,51703090,I,1000,0,Total,Total,0,,1,1,SXAAFSWM2B,,2014,DHS,,,,,
BGD,126243,Infant mortality rate,38,0,BD,Bangladesh,2014,BD2014DHS,CM_ECMR_C_IMR,63206030,I,1000,0,Total,Total,14001,Five years preceding the survey,1,1,CMECMRCIMR,,2014,DHS,,,33,43,
BGD,130014,Infant mortality rate,44,0,BD,Bangladesh,2014,BD2014DHS,CM_ECMR_C_IMR,63206030,I,1000,0,Total,Total,14003,Ten years preceding the survey,1,0,CMECMRCIMR,,2014,DHS,,,40,48,
BGD,288471,Under-five mortality rate,46,0,BD,Bangladesh,2014,BD2014DHS,CM_ECMR_C_U5M,63206050,I,1000,0,Total,Total,14001,Five years preceding the survey,1,1,CMECMRCU5M,,2014,DHS,,,41,52,
BGD,288476,Under-five mortality rate,54,0,BD,Bangladesh,2014,BD2014DHS,CM_ECMR_C_U5M,63206050,I,1000,0,Total,Total,14003,Ten years preceding the survey,1,0,CMECMRCU5M,,2014,DHS,,,49,58,
BGD,415942,Place of delivery: Health facility,37.4,1,BD,Bangladesh,2014,BD2014DHS,RH_DELP_C_DHF,83566070,I,1000,0,Total,Total,14000,Three years preceding the survey,1,0,RHDELPCDHF,,2014,DHS,4904,4734,,,
BGD,129561,Place of delivery: Health facility,39.5,1,BD,Bangladesh,2014,BD2014DHS,RH_DELP_C_DHF,83566070,I,1000,0,Total,Total,14002,Two years preceding the survey,1,1,RHDELPCDHF,,2014,DHS,3253,3130,,,
BGD,76362,Fully vaccinated (8 basic antigens),83.8,1,BD,Bangladesh,2014,BD2014DHS,CH_VACC_C_BAS,93906230,I,1000,0,Total,Total,0,,1,1,CHVACCCBAS,,2014,DHS,1633,1557,,,
BGD,821629,Treatment of diarrhea: Either ORS or RHF,82.7,1,BD,Bangladesh,2014,BD2014DHS,CH_DIAT_C_ORT,94096040,I,1000,0,Total,Total,14000,Three years preceding the survey,1,0,CHDIATCORT,,2014,DHS,314,263,,,
BGD,748994,Treatment of diarrhea: Either ORS or RHF,84.3,1,BD,Bangladesh,2014,BD2014DHS,CH_DIAT_C_ORT,94096040,I,1000,0,Total,Total,14001,Five years preceding the survey,1,1,CHDIATCORT,,2014,DHS,440,371,,,
BGD,505456,Children stunted,36.1,1,BD,Bangladesh,2014,BD2014DHS,CN_NUTS_C_HA2,104236020,I,1000,0,Total,Total,0,,1,1,CNNUTSCHA2,,2014,DHS,7318,7167,,,
BGD,689676,Children wasted,14.3,1,BD,Bangladesh,2014,BD2014DHS,CN_NUTS_C_WH2,104236050,I,1000,0,Total,Total,0,,1,1,CNNUTSCWH2,,2014,DHS,7318,7167,,,
BGD,825904,Children underweight,32.6,1,BD,Bangladesh,2014,BD2014DHS,CN_NUTS_C_WA2,104236090,I,1000,0,Total,Total,0,,1,1,CNNUTSCWA2,,2014,DHS,7318,7167,,,
BGD,207157,Median duration of exclusive breastfeeding,2.8,1,BD,Bangladesh,2014,BD2014DHS,CN_BFDR_C_MDE,104336020,I,1000,0,Total,Total,0,,1,1,CNBFDRCMDE,,2014,DHS,,,,,
BGD,137415,Women with secondary or higher education,45.9,1,BD,Bangladesh,2014,BD2014DHS,ED_EDUC_W_SEH,231203100,I,10000,10000,Total 15-49,Total 15-49,0,,1,1,EDEDUCWSEH,,2014,DHS,17863,17863,,,
BGD,137915,Women who are literate,66.3,1,BD,Bangladesh,2014,BD2014DHS,ED_LITR_W_LIT,231233090,I,10000,10000,Total 15-49,Total 15-49,0,,1,1,EDLITRWLIT,,2014,DHS,17863,17863,,,
BGD,727263,Households with electricity,62.4,1,BD,Bangladesh,2014,BD2014DHS,HC_ELEC_H_ELC,260321010,I,1000,0,Total,Total,0,,1,1,HCELECHELC,,2014,DHS,17300,17300,,,
BGD,314100,Total fertility rate 15-49,2.3,1,BD,Bangladesh,2017,BD2017DHS,FE_FRTR_W_TFR,11763080,I,1000,0,Total,Total,0,,1,1,FEFRTRWTFR,,2017-18,DHS,,,,,
BGD,654915,Married women currently using any method of contraception,61.9,1,BD,Bangladesh,2017,BD2017DHS,FP_CUSM_W_ANY,32633010,I,1000,0,Total,Total,0,,1,1,FPCUSMWANY,,2017-18,DHS,18984,18895,,,
BGD,654916,Married women currently using any modern method of contraception,51.9,1,BD,Bangladesh,2017,BD2017DHS,FP_CUSM_W_MOD,32633020,I,1000,0,Total,Total,0,,1,1,FPCUSMWMOD,,2017-18,DHS,18984,18895,,,
BGD,465336,Unmet need for family planning,12,1,BD,Bangladesh,2017,BD2017DHS,FP_NADM_W_UNT,32933030,I,1000,0,Total,Total,0,,1,1,FPNADMWUNT,,2017-18,DHS,18984,18895,,,
BGD,750859,Demand for family planning satisfied by modern methods,70.3,1,BD,Bangladesh,2017,BD2017DHS,FP_NADM_W_PDM,32933150,I,1000,0,Total,Total,0,,1,1,FPNADMWPDM,,2017-18,DHS,14019,13986,,,
BGD,241629,Median age at first marriage [Women]: 25-49,16,1,BD,Bangladesh,2017,BD2017DHS,MA_AAFM_W_M2B,41633090,I,1000,0,Total,Total,0,,1,1,MAAAFMWM2B,,2017-18,DHS,,,,,
BGD,241652,Median age at first sexual intercourse [Women]: 25-49,16.2,1,BD,Bangladesh,2017,BD2017DHS,SX_AAFS_W_M2B,51703090,I,1000,0,Total,Total,0,,1,1,SXAAFSWM2B,,2017-18,DHS,,,,,
BGD,148875,Infant mortality rate,38,0,BD,Bangladesh,2017,BD2017DHS,CM_ECMR_C_IMR,63206030,I,1000,0,Total,Total,14001,Five years preceding the survey,1,1,CMECMRCIMR,,2017-18,DHS,,,33,43,
BGD,288651,Infant mortality rate,41,0,BD,Bangladesh,2017,BD2017DHS,CM_ECMR_C_IMR,63206030,I,1000,0,Total,Total,14003,Ten years preceding the survey,1,0,CMECMRCIMR,,2017-18,DHS,,,37,44,
BGD,141785,Under-five mortality rate,45,0,BD,Bangladesh,2017,BD2017DHS,CM_ECMR_C_U5M,63206050,I,1000,0,Total,Total,14001,Five years preceding the survey,1,1,CMECMRCU5M,,2017-18,DHS,,,40,50,
BGD,159950,Under-five mortality rate,49,0,BD,Bangladesh,2017,BD2017DHS,CM_ECMR_C_U5M,63206050,I,1000,0,Total,Total,14003,Ten years preceding the survey,1,0,CMECMRCU5M,,2017-18,DHS,,,45,52,
BGD,631894,Place of delivery: Health facility,49.4,1,BD,Bangladesh,2017,BD2017DHS,RH_DELP_C_DHF,83566070,I,1000,0,Total,Total,14000,Three years preceding the survey,1,0,RHDELPCDHF,,2017-18,DHS,5338,5304,,,
BGD,761935,Place of delivery: Health facility,50.6,1,BD,Bangladesh,2017,BD2017DHS,RH_DELP_C_DHF,83566070,I,1000,0,Total,Total,14002,Two years preceding the survey,1,1,RHDELPCDHF,,2017-18,DHS,3590,3581,,,
BGD,417438,Fully vaccinated (8 basic antigens),89.1,1,BD,Bangladesh,2017,BD2017DHS,CH_VACC_C_BAS,93906230,I,1000,0,Total,Total,0,,1,1,CHVACCCBAS,,2017-18,DHS,1679,1666,,,
BGD,180232,Treatment of diarrhea: Either ORS or RHF,83.2,1,BD,Bangladesh,2017,BD2017DHS,CH_DIAT_C_ORT,94096040,I,1000,0,Total,Total,14000,Three years preceding the survey,1,0,CHDIATCORT,,2017-18,DHS,333,344,,,
BGD,724517,Treatment of diarrhea: Either ORS or RHF,85.1,1,BD,Bangladesh,2017,BD2017DHS,CH_DIAT_C_ORT,94096040,I,1000,0,Total,Total,14001,Five years preceding the survey,1,1,CHDIATCORT,,2017-18,DHS,396,412,,,
BGD,231516,Children stunted,30.8,1,BD,Bangladesh,2017,BD2017DHS,CN_NUTS_C_HA2,104236020,I,1000,0,Total,Total,0,,1,1,CNNUTSCHA2,,2017-18,DHS,8108,8111,,,
BGD,704417,Children wasted,8.4,1,BD,Bangladesh,2017,BD2017DHS,CN_NUTS_C_WH2,104236050,I,1000,0,Total,Total,0,,1,1,CNNUTSCWH2,,2017-18,DHS,8113,8110,,,
BGD,420729,Children underweight,21.9,1,BD,Bangladesh,2017,BD2017DHS,CN_NUTS_C_WA2,104236090,I,1000,0,Total,Total,0,,1,1,CNNUTSCWA2,,2017-18,DHS,8335,8314,,,
BGD,231538,Median duration of exclusive breastfeeding,4.1,1,BD,Bangladesh,2017,BD2017DHS,CN_BFDR_C_MDE,104336020,I,1000,0,Total,Total,0,,1,1,CNBFDRCMDE,,2017-18,DHS,,,,,
BGD,390103,Women with secondary or higher education,52.2,1,BD,Bangladesh,2017,BD2017DHS,ED_EDUC_W_SEH,231203100,I,10000,10000,Total 15-49,Total 15-49,0,,1,1,EDEDUCWSEH,,2017-18,DHS,20127,20127,,,
BGD,692001,Women who are literate,73.3,1,BD,Bangladesh,2017,BD2017DHS,ED_LITR_W_LIT,231233090,I,10000,10000,Total 15-49,Total 15-49,0,,1,1,EDLITRWLIT,,2017-18,DHS,20127,20127,,,
BGD,36494,Households with electricity,81.5,1,BD,Bangladesh,2017,BD2017DHS,HC_ELEC_H_ELC,260321010,I,1000,0,Total,Total,0,,1,1,HCELECHELC,,2017-18,DHS,19457,19457,,,
BGD,335725,Total fertility rate 15-49,2.3,1,BD,Bangladesh,2022,BD2022DHS,FE_FRTR_W_TFR,11763080,I,1000,0,Total,Total,0,,1,1,FEFRTRWTFR,,2022,DHS,,,,,
BGD,602234,Married women currently using any method of contraception,64,1,BD,Bangladesh,2022,BD2022DHS,FP_CUSM_W_ANY,32633010,I,1000,0,Total,Total,0,,1,1,FPCUSMWANY,,2022,DHS,19060,18987,,,
BGD,602235,Married women currently using any modern method of contraception,54.7,1,BD,Bangladesh,2022,BD2022DHS,FP_CUSM_W_MOD,32633020,I,1000,0,Total,Total,0,,1,1,FPCUSMWMOD,,2022,DHS,19060,18987,,,
BGD,347596,Unmet need for family planning,10,1,BD,Bangladesh,2022,BD2022DHS,FP_NADM_W_UNT,32933030,I,1000,0,Total,Total,0,,1,1,FPNADMWUNT,,2022,DHS,19060,18987,,,
BGD,417065,Demand for family planning satisfied by modern methods,73.9,1,BD,Bangladesh,2022,BD2022DHS,FP_NADM_W_PDM,32933150,I,1000,0,Total,Total,0,,1,1,FPNADMWPDM,,2022,DHS,14106,14062,,,
BGD,334894,Median age at first marriage [Women]: 25-49,16.6,1,BD,Bangladesh,2022,BD2022DHS,MA_AAFM_W_M2B,41633090,I,1000,0,Total,Total,0,,1,1,MAAAFMWM2B,,2022,DHS,,,,,
BGD,334909,Median age at first sexual intercourse [Women]: 25-49,16.6,1,BD,Bangladesh,2022,BD2022DHS,SX_AAFS_W_M2B,51703090,I,1000,0,Total,Total,0,,1,1,SXAAFSWM2B,,2022,DHS,,,,,
BGD,333236,Infant mortality rate,27,0,BD,Bangladesh,2022,BD2022DHS,CM_ECMR_C_IMR,63206030,I,1000,0,Total,Total,14001,Five years preceding the survey,1,1,CMECMRCIMR,,2022,DHS,,,24,31,
BGD,113524,Infant mortality rate,33,0,BD,Bangladesh,2022,BD2022DHS,CM_ECMR_C_IMR,63206030,I,1000,0,Total,Total,14003,Ten years preceding the survey,1,0,CMECMRCIMR,,2022,DHS,,,30,36,
BGD,158530,Under-five mortality rate,32,0,BD,Bangladesh,2022,BD2022DHS,CM_ECMR_C_U5M,63206050,I,1000,0,Total,Total,14001,Five years preceding the survey,1,1,CMECMRCU5M,,2022,DHS,,,29,36,
BGD,333269,Under-five mortality rate,38,0,BD,Bangladesh,2022,BD2022DHS,CM_ECMR_C_U5M,63206050,I,1000,0,Total,Total,14003,Ten years preceding the survey,1,0,CMECMRCU5M,,2022,DHS,,,35,42,
BGD,609558,Place of delivery: Health facility,63.5,1,BD,Bangladesh,2022,BD2022DHS,RH_DELP_C_DHF,83566070,I,1000,0,Total,Total,14000,Three years preceding the survey,1,0,RHDELPCDHF,,2022,DHS,5406,5342,,,
BGD,415109,Place of delivery: Health facility,64.8,1,BD,Bangladesh,2022,BD2022DHS,RH_DELP_C_DHF,83566070,I,1000,0,Total,Total,14002,Two years preceding the survey,1,1,RHDELPCDHF,,2022,DHS,3691,3635,,,
BGD,538906,Treatment of diarrhea: Either ORS or RHF,73.8,1,BD,Bangladesh,2022,BD2022DHS,CH_DIAT_C_ORT,94096040,I,1000,0,Total,Total,14000,Three years preceding the survey,1,0,CHDIATCORT,,2022,DHS,315,314,,,
BGD,730244,Treatment of diarrhea: Either ORS or RHF,75.7,1,BD,Bangladesh,2022,BD2022DHS,CH_DIAT_C_ORT,94096040,I,1000,0,Total,Total,14001,Five years preceding the survey,1,1,CHDIATCORT,,2022,DHS,412,410,,,
BGD,749235,Children stunted,23.6,1,BD,Bangladesh,2022,BD2022DHS,CN_NUTS_C_HA2,104236020,I,1000,0,Total,Total,0,,1,1,CNNUTSCHA2,,2022,DHS,4252,4260,,,
BGD,370183,Children wasted,11,1,BD,Bangladesh,2022,BD2022DHS,CN_NUTS_C_WH2,104236050,I,1000,0,Total,Total,0,,1,1,CNNUTSCWH2,,2022,DHS,4254,4260,,,
BGD,620688,Children underweight,22.3,1,BD,Bangladesh,2022,BD2022DHS,CN_NUTS_C_WA2,104236090,I,1000,0,Total,Total,0,,1,1,CNNUTSCWA2,,2022,DHS,4313,4316,,,
BGD,370231,Median duration of exclusive breastfeeding,3.2,1,BD,Bangladesh,2022,BD2022DHS,CN_BFDR_C_MDE,104336020,I,1000,0,Total,Total,0,,1,1,CNBFDRCMDE,,2022,DHS,,,,,
BGD,82506,Women with secondary or higher education,59.4,1,BD,Bangladesh,2022,BD2022DHS,ED_EDUC_W_SEH,231203100,I,10000,10000,Total 15-49,Total 15-49,0,,1,1,EDEDUCWSEH,,2022,DHS,30078,30078,,,
BGD,419713,Women who are literate,78.2,1,BD,Bangladesh,2022,BD2022DHS,ED_LITR_W_LIT,231233090,I,10000,10000,Total 15-49,Total 15-49,0,,1,1,EDLITRWLIT,,2022,DHS,30078,30078,,,
BGD,333914,Households with electricity,99.2,1,BD,Bangladesh,2022,BD2022DHS,HC_ELEC_H_ELC,260321010,I,1000,0,Total,Total,0,,1,1,HCELECHELC,,2022,DHS,30018,30018,,,
